pmcid,is_open_access_label,oa_license_label,is_reporting_label,reporting_guideline_label
PMC10060314,TRUE,CC-BY-4.0,FALSE,
PMC10116118,FALSE,,FALSE,
PMC10131267,TRUE,CC-BY-NC-ND-4.0,FALSE,
PMC10205850,TRUE,CC-BY-4.0,FALSE,
PMC10249466,TRUE,CC-BY-4.0,TRUE,ARRIVE
PMC10327714,TRUE,CC-BY-4.0,FALSE,
PMC10609615,TRUE,CC-BY-4.0,FALSE,
PMC10609652,TRUE,CC-BY-NC-ND-4.0,FALSE,
PMC10618383,TRUE,CC-BY-4.0,FALSE,
PMC10698107,TRUE,CC-BY-4.0,FALSE,
PMC10698493,TRUE,CC-BY-NC-ND-4.0,FALSE,
PMC10704994,TRUE,CC-BY-4.0,FALSE,
PMC10734402,TRUE,CC-BY-4.0,FALSE,
PMC10776164,TRUE,CC-BY-NC-ND-4.0,FALSE,
PMC10806097,TRUE,CC-BY-4.0,FALSE,
PMC10828098,TRUE,CC-BY-NC-ND-4.0,FALSE,
PMC10841845,TRUE,CC-BY-NC-ND-4.0,FALSE,
PMC10861108,TRUE,CC-BY-NC-ND-4.0,TRUE,PRISMA
PMC10861991,TRUE,CC-BY-4.0,FALSE,
PMC10871777,TRUE,CC-BY-NC-ND-4.0,FALSE,
PMC10872395,TRUE,CC-BY-NC-4.0,FALSE,
PMC10938932,TRUE,CC-BY-4.0,TRUE,RAMESES
PMC10963338,TRUE,CC-BY-NC-4.0,FALSE,
PMC11008641,TRUE,CC-BY-4.0,FALSE,
PMC11018713,TRUE,CC-BY-4.0,FALSE,
PMC11065962,TRUE,CC-BY-NC-4.0,FALSE,
PMC11124653,TRUE,CC-BY-NC-ND-4.0,FALSE,
PMC11178679,TRUE,CC-BY-4.0,FALSE,
PMC11203085,TRUE,CC-BY-NC-4.0,FALSE,
PMC11209824,TRUE,CC-BY-NC-ND-4.0,FALSE,
PMC11234980,TRUE,CC-BY-NC-4.0,FALSE,
PMC11234989,TRUE,CC-BY-NC-4.0,FALSE,
PMC11235001,TRUE,CC-BY-NC-4.0,FALSE,
PMC11235021,TRUE,CC-BY-NC-4.0,TRUE,CONSORT
PMC11315360,TRUE,CC-BY-4.0,FALSE,
PMC11426186,TRUE,CC-BY-NC-4.0,FALSE,
PMC11489968,TRUE,CC-BY-NC-4.0,FALSE,
PMC11490956,TRUE,CC-BY-NC-4.0,FALSE,
PMC11490967,TRUE,CC-BY-NC-4.0,FALSE,
PMC11520020,TRUE,CC-BY-NC-4.0,TRUE,PRISMA
PMC11559274,TRUE,CC-BY-4.0,TRUE,COREQ
PMC11559285,TRUE,CC-BY-4.0,TRUE,PRISMA
PMC11559286,TRUE,CC-BY-4.0,FALSE,
PMC11559293,TRUE,CC-BY-4.0,FALSE,
PMC11559294,TRUE,CC-BY-4.0,FALSE,
PMC11559295,TRUE,CC-BY-4.0,TRUE,PRISMA
PMC11559298,TRUE,CC-BY-4.0,TRUE,COREQ
PMC11559314,TRUE,CC-BY-4.0,FALSE,
PMC11559317,TRUE,CC-BY-4.0,TRUE,PRISMA
PMC11559321,TRUE,CC-BY-4.0,TRUE,COREQ
PMC11559326,TRUE,CC-BY-4.0,FALSE,
PMC11559343,TRUE,CC-BY-4.0,FALSE,
PMC11560094,TRUE,CC-BY-4.0,FALSE,
PMC11560103,TRUE,CC-BY-4.0,FALSE,
PMC11560112,TRUE,CC-BY-4.0,FALSE,
PMC11616534,TRUE,CC-BY-4.0,FALSE,
PMC11616543,TRUE,CC-BY-4.0,FALSE,
PMC11616545,TRUE,CC-BY-4.0,FALSE,
PMC11616546,TRUE,CC-BY-4.0,FALSE,
PMC11643428,TRUE,CC-BY-4.0,FALSE,
PMC11749111,TRUE,CC-BY-4.0,FALSE,
PMC11749341,TRUE,CC-BY-4.0,FALSE,
PMC11749366,TRUE,CC-BY-4.0,FALSE,
PMC11749453,TRUE,CC-BY-4.0,FALSE,
PMC11749475,TRUE,CC-BY-4.0,FALSE,
PMC11749477,TRUE,CC-BY-4.0,FALSE,
PMC11749542,TRUE,CC-BY-4.0,FALSE,
PMC11749629,TRUE,CC-BY-4.0,FALSE,
PMC11749630,TRUE,CC-BY-4.0,FALSE,
PMC11749633,TRUE,CC-BY-4.0,FALSE,
PMC11749848,TRUE,CC-BY-4.0,FALSE,
PMC11749852,TRUE,CC-BY-4.0,FALSE,
PMC11749860,TRUE,CC-BY-4.0,FALSE,
PMC11756466,TRUE,CC-BY-4.0,FALSE,
PMC11759107,TRUE,CC-BY-NC-ND-4.0,FALSE,
PMC11763301,TRUE,CC-BY-NC-SA-4.0,FALSE,
PMC11770424,TRUE,CC-BY-NC-4.0,FALSE,
PMC11770426,TRUE,CC-BY-NC-4.0,FALSE,
PMC11770432,TRUE,CC-BY-NC-4.0,FALSE,
PMC11770460,TRUE,CC-BY-NC-4.0,TRUE,PRISMA
PMC11775040,TRUE,CC-BY-4.0,TRUE,PRISMA
PMC11775676,TRUE,CC-BY-4.0,FALSE,
PMC11777130,TRUE,CC-BY-NC-4.0,FALSE,
PMC11778741,TRUE,CC-BY-4.0,FALSE,
PMC11778932,TRUE,CC-BY-NC-3.0,FALSE,
PMC11779783,TRUE,CC-BY-4.0,FALSE,
PMC11781948,TRUE,CC-BY-4.0,FALSE,
PMC11782427,TRUE,CC-BY-4.0,FALSE,
PMC11783631,TRUE,CC-BY-4.0,TRUE,CONSORT
PMC11783644,TRUE,CC-BY-NC-ND-4.0,FALSE,
PMC11784942,TRUE,CC-BY-4.0,FALSE,
PMC11789660,TRUE,CC-BY-4.0,FALSE,
PMC11789706,TRUE,CC-BY-4.0,TRUE,RAMESES
PMC11792060,TRUE,CC-BY-NC-ND-4.0,FALSE,
PMC11792064,TRUE,CC-BY-NC-ND-4.0,FALSE,
PMC11795339,TRUE,CC-BY-NC-ND-4.0,FALSE,
PMC11795347,TRUE,CC-BY-4.0,FALSE,
PMC11795938,TRUE,CC-BY-4.0,FALSE,
PMC11795942,TRUE,CC-BY-4.0,FALSE,
PMC11795952,TRUE,CC-BY-4.0,TRUE,PRISMA
PMC11795958,TRUE,CC-BY-4.0,FALSE,
PMC11795977,TRUE,CC-BY-4.0,FALSE,
PMC11797756,TRUE,CC-BY-4.0,FALSE,
PMC11797768,TRUE,CC-BY-4.0,FALSE,
PMC11797800,TRUE,CC-BY-4.0,FALSE,
PMC11797806,TRUE,CC-BY-4.0,FALSE,
PMC11797869,TRUE,CC-BY-4.0,FALSE,
PMC11798374,TRUE,CC-BY-4.0,TRUE,STROBE
PMC11798398,TRUE,CC-BY-4.0,FALSE,
PMC11804575,TRUE,CC-BY-4.0,FALSE,
PMC11805480,TRUE,CC-BY-NC-ND-4.0,FALSE,
PMC11805674,TRUE,CC-BY-4.0,FALSE,
PMC11807083,TRUE,CC-BY-4.0,FALSE,
PMC11809725,TRUE,CC-BY-NC-ND-4.0,FALSE,
PMC11809978,TRUE,CC-BY-NC-ND-4.0,FALSE,
PMC11809979,TRUE,CC-BY-4.0,TRUE,PROCESS
PMC11809991,TRUE,CC-BY-NC-ND-4.0,FALSE,
PMC11811754,TRUE,CC-BY-4.0,FALSE,
PMC11811892,TRUE,CC-BY-4.0,FALSE,
PMC11812658,TRUE,CC-BY-NC-ND-4.0,FALSE,
PMC11812664,TRUE,CC-BY-4.0,FALSE,
PMC11812712,TRUE,CC-BY-NC-4.0,FALSE,
PMC11812716,TRUE,CC-BY-NC-4.0,FALSE,
PMC11812730,TRUE,CC-BY-NC-4.0,FALSE,
PMC11813997,TRUE,CC-BY-4.0,FALSE,
PMC11815345,TRUE,CC-BY-4.0,FALSE,
PMC11815617,TRUE,CC-BY-NC-4.0,FALSE,
PMC11815627,TRUE,CC-BY-NC-ND-4.0,FALSE,
PMC11822909,TRUE,CC-BY-4.0,FALSE,
PMC11824579,TRUE,CC-BY-4.0,FALSE,
PMC11824748,TRUE,CC-BY-4.0,FALSE,
PMC11824888,TRUE,CC-BY-NC-ND-4.0,FALSE,
PMC11826074,TRUE,CC-BY-4.0,FALSE,
PMC11826524,TRUE,CC-BY-4.0,FALSE,
PMC11826527,TRUE,CC-BY-4.0,FALSE,
PMC11826529,TRUE,CC-BY-4.0,FALSE,
PMC11826548,TRUE,CC-BY-4.0,FALSE,
PMC11826665,TRUE,CC-BY-4.0,FALSE,
PMC11826668,TRUE,CC-BY-4.0,FALSE,
PMC11826714,TRUE,CC-BY-4.0,FALSE,
PMC11826726,TRUE,CC-BY-4.0,FALSE,
PMC11826728,TRUE,CC-BY-4.0,FALSE,
PMC11827284,TRUE,CC-BY-4.0,FALSE,
PMC11828834,TRUE,CC-BY-4.0,FALSE,
PMC11832070,TRUE,CC-BY-4.0,FALSE,
PMC11832457,TRUE,CC-BY-NC-ND-4.0,TRUE,TRIPOD
PMC11832701,TRUE,CC-BY-4.0,FALSE,
PMC11837399,TRUE,CC-BY-NC-ND-4.0,FALSE,
PMC11838805,TRUE,CC-BY-NC-SA-4.0,FALSE,
PMC11841729,TRUE,CC-BY-NC-ND-4.0,FALSE,
PMC11841776,TRUE,CC-BY-NC-4.0,FALSE,
PMC11841784,TRUE,CC-BY-4.0,FALSE,
PMC11841804,TRUE,CC-BY-NC-ND-4.0,FALSE,
PMC11841809,TRUE,CC-BY-NC-ND-4.0,FALSE,
PMC11845271,TRUE,CC-BY-NC-ND-4.0,FALSE,
PMC11845430,TRUE,CC-BY-4.0,FALSE,
PMC11849249,TRUE,CC-BY-NC-4.0,FALSE,
PMC11849431,TRUE,CC-BY-NC-ND-4.0,FALSE,
PMC11851330,TRUE,CC-BY-4.0,FALSE,
PMC11854049,TRUE,CC-BY-4.0,FALSE,
PMC11861246,TRUE,CC-BY-4.0,FALSE,
PMC11861341,TRUE,CC-BY-4.0,FALSE,
PMC11863249,TRUE,CC-BY-NC-4.0,FALSE,
PMC11863715,TRUE,CC-BY-4.0,FALSE,
PMC11863807,TRUE,CC-BY-NC-ND-4.0,FALSE,
PMC11863815,TRUE,CC-BY-NC-ND-4.0,FALSE,
PMC11863888,TRUE,CC-BY-NC-ND-4.0,FALSE,
PMC11863935,TRUE,CC-BY-NC-ND-4.0,FALSE,
PMC11863985,TRUE,CC-BY-NC-ND-4.0,FALSE,
PMC11864390,TRUE,CC-BY-NC-4.0,TRUE,PRISMA
PMC11864397,TRUE,CC-BY-NC-4.0,FALSE,
PMC11864410,TRUE,CC-BY-NC-4.0,FALSE,
PMC11864451,TRUE,CC-BY-NC-4.0,FALSE,
PMC11864466,TRUE,CC-BY-NC-4.0,FALSE,
PMC11864481,TRUE,CC-BY-NC-4.0,FALSE,
PMC11864574,TRUE,CC-BY-NC-4.0,FALSE,
PMC11867154,TRUE,CC-BY-NC-ND-4.0,FALSE,
PMC11870208,TRUE,CC-BY-NC-ND-4.0,FALSE,
PMC11870877,TRUE,CC-BY-4.0,FALSE,
PMC11872228,TRUE,CC-BY-NC-ND-4.0,FALSE,
PMC11872673,TRUE,CC-BY-4.0,FALSE,
PMC11874006,TRUE,CC-BY-NC-4.0,FALSE,
PMC11874134,TRUE,CC-BY-NC-4.0,FALSE,
PMC11874455,TRUE,CC-BY-NC-4.0,FALSE,
PMC11874587,TRUE,CC-BY-NC-4.0,FALSE,
PMC11877531,TRUE,CC-BY-NC-ND-4.0,FALSE,
PMC11877585,TRUE,CC-BY-NC-ND-4.0,FALSE,
PMC11877588,TRUE,CC-BY-NC-ND-4.0,FALSE,
PMC11877669,TRUE,CC-BY-NC-ND-4.0,FALSE,
PMC11877676,TRUE,CC-BY-4.0,FALSE,
PMC11878803,TRUE,CC-BY-NC-4.0,FALSE,
PMC11878835,TRUE,CC-BY-NC-4.0,FALSE,
PMC11878850,TRUE,CC-BY-NC-4.0,FALSE,
PMC11878869,TRUE,CC-BY-NC-4.0,FALSE,
PMC11881149,TRUE,CC-BY-NC-ND-4.0,FALSE,
PMC11881154,TRUE,CC-BY-NC-ND-4.0,FALSE,
PMC11881524,TRUE,CC-BY-4.0,FALSE,
PMC11882145,TRUE,CC-BY-4.0,TRUE,PRISMA
PMC11882184,TRUE,CC-BY-NC-ND-4.0,FALSE,
PMC11882198,TRUE,CC-BY-NC-ND-4.0,FALSE,
PMC11883865,TRUE,CC-BY-NC-4.0,FALSE,
PMC11892484,TRUE,CC-BY-4.0,FALSE,
PMC11893070,TRUE,CC-BY-NC-ND-4.0,FALSE,
PMC11893184,TRUE,CC-BY-4.0,FALSE,
PMC11894981,TRUE,CC-BY-NC-ND-4.0,FALSE,
PMC11895007,TRUE,CC-BY-NC-ND-4.0,FALSE,
PMC11895017,TRUE,CC-BY-NC-ND-4.0,FALSE,
PMC11895020,TRUE,CC-BY-NC-ND-4.0,FALSE,
PMC11895569,TRUE,CC-BY-NC-ND-4.0,FALSE,
PMC11895575,TRUE,CC-BY-NC-ND-4.0,FALSE,
PMC11895580,TRUE,CC-BY-NC-ND-4.0,FALSE,
PMC11895640,TRUE,CC-BY-NC-ND-4.0,FALSE,
PMC11895643,TRUE,CC-BY-NC-ND-4.0,FALSE,
PMC11895664,TRUE,CC-BY-4.0,FALSE,
PMC11895730,TRUE,CC-BY-4.0,FALSE,
PMC11895744,TRUE,CC-BY-4.0,FALSE,
PMC11895755,TRUE,CC-BY-4.0,FALSE,
PMC11895869,TRUE,CC-BY-NC-ND-4.0,FALSE,
PMC11895871,TRUE,CC-BY-NC-ND-4.0,FALSE,
PMC11895878,TRUE,CC-BY-NC-ND-4.0,FALSE,
PMC11895885,TRUE,CC-BY-NC-ND-4.0,FALSE,
PMC11895891,TRUE,CC-BY-NC-ND-4.0,FALSE,
PMC11895912,TRUE,CC-BY-NC-ND-4.0,FALSE,
PMC11895922,TRUE,CC-BY-4.0,FALSE,
PMC11895936,TRUE,CC-BY-NC-ND-4.0,FALSE,
PMC11895937,TRUE,CC-BY-NC-ND-4.0,FALSE,
PMC11895965,TRUE,CC-BY-4.0,FALSE,
PMC11895981,TRUE,CC-BY-4.0,FALSE,
PMC11895988,TRUE,CC-BY-NC-ND-4.0,FALSE,
PMC11901661,TRUE,CC-BY-NC-SA-4.0,FALSE,
PMC11906102,TRUE,CC-BY-NC-SA-4.0,FALSE,
PMC11906524,TRUE,CC-BY-4.0,FALSE,
PMC11909787,TRUE,CC-BY-4.0,FALSE,
PMC11910262,TRUE,CC-BY-NC-ND-4.0,FALSE,
PMC11911971,TRUE,CC-BY-NC-ND-4.0,FALSE,
PMC11912989,TRUE,CC-BY-NC-ND-4.0,FALSE,
PMC11913777,TRUE,CC-BY-4.0,FALSE,
PMC11914344,TRUE,CC-BY-4.0,FALSE,
PMC11914718,TRUE,CC-BY-NC-4.0,FALSE,
PMC11918711,TRUE,CC-BY-4.0,FALSE,
PMC11918804,TRUE,CC-BY-4.0,FALSE,
PMC11918880,TRUE,CC-BY-4.0,FALSE,
PMC11918917,TRUE,CC-BY-4.0,FALSE,
PMC11918920,TRUE,CC-BY-4.0,FALSE,
PMC11918948,TRUE,CC-BY-4.0,FALSE,
PMC11918969,TRUE,CC-BY-4.0,TRUE,PRISMA
PMC11918982,TRUE,CC-BY-4.0,TRUE,PRISMA
PMC11919104,TRUE,CC-BY-4.0,TRUE,unspecified
PMC11919142,TRUE,CC-BY-4.0,FALSE,
PMC11919191,TRUE,CC-BY-4.0,TRUE,STROBE
PMC11919196,TRUE,CC-BY-4.0,FALSE,
PMC11919218,TRUE,CC-BY-4.0,FALSE,
PMC11921832,TRUE,CC-BY-4.0,TRUE,CONSORT
PMC11921850,TRUE,CC-BY-4.0,FALSE,
PMC11921862,TRUE,CC-BY-4.0,TRUE,PRISMA
PMC11923468,TRUE,CC-BY-NC-ND-4.0,FALSE,
PMC11923491,TRUE,CC-BY-NC-ND-4.0,FALSE,
PMC11925626,TRUE,CC-BY-NC-ND-4.0,FALSE,
PMC11925627,TRUE,CC-BY-NC-ND-4.0,FALSE,
PMC11930324,TRUE,CC-BY-4.0,FALSE,
PMC11930335,TRUE,CC-BY-4.0,FALSE,
PMC11930635,TRUE,CC-BY-4.0,FALSE,
PMC11933889,TRUE,CC-BY-NC-ND-4.0,FALSE,
PMC11933890,TRUE,CC-BY-NC-ND-4.0,FALSE,
PMC11934115,TRUE,CC-BY-NC-ND-4.0,FALSE,
PMC11934117,TRUE,CC-BY-NC-ND-4.0,FALSE,
PMC11934986,TRUE,CC-BY-NC-ND-4.0,FALSE,
PMC11935009,TRUE,CC-BY-NC-ND-4.0,FALSE,
PMC11935056,TRUE,CC-BY-NC-ND-4.0,FALSE,
PMC11935123,TRUE,CC-BY-4.0,FALSE,
PMC11935124,TRUE,CC-BY-4.0,FALSE,
PMC11935141,TRUE,CC-BY-NC-4.0,FALSE,
PMC11935200,TRUE,CC-BY-4.0,FALSE,
PMC11935203,TRUE,CC-BY-NC-ND-4.0,FALSE,
PMC11935217,TRUE,CC-BY-4.0,FALSE,
PMC11935335,TRUE,CC-BY-4.0,FALSE,
PMC11935419,TRUE,CC-BY-4.0,FALSE,
PMC11935518,TRUE,CC-BY-4.0,FALSE,
PMC11935830,TRUE,CC-BY-4.0,FALSE,
PMC11935839,TRUE,CC-BY-4.0,FALSE,
PMC11935844,TRUE,CC-BY-4.0,FALSE,
PMC11935848,TRUE,CC-BY-4.0,FALSE,
PMC11935849,TRUE,CC-BY-4.0,FALSE,
PMC11935892,TRUE,CC-BY-4.0,FALSE,
PMC11935898,TRUE,CC-BY-4.0,FALSE,
PMC11935908,TRUE,CC-BY-4.0,FALSE,
PMC11935934,TRUE,CC-BY-4.0,FALSE,
PMC11935982,TRUE,CC-BY-4.0,FALSE,
PMC11938098,TRUE,CC-BY-NC-ND-4.0,FALSE,
PMC11946970,TRUE,CC-BY-4.0,FALSE,
PMC11949617,TRUE,CC-BY-4.0,FALSE,
PMC11952697,TRUE,CC-BY-4.0,FALSE,
PMC11954727,TRUE,CC-BY-NC-4.0,FALSE,
PMC11955024,TRUE,CC-BY-NC-ND-4.0,FALSE,
PMC11955033,TRUE,CC-BY-NC-ND-4.0,FALSE,
PMC11956003,TRUE,CC-BY-NC-ND-4.0,FALSE,
PMC11956773,TRUE,CC-BY-4.0,FALSE,
PMC11956776,TRUE,CC-BY-4.0,FALSE,
PMC11959284,TRUE,CC-BY-NC-ND-4.0,FALSE,
PMC11960221,TRUE,CC-BY-4.0,FALSE,
PMC11960224,TRUE,CC-BY-4.0,FALSE,
PMC11960226,TRUE,CC-BY-4.0,FALSE,
PMC11960231,TRUE,CC-BY-4.0,FALSE,
PMC11960248,TRUE,CC-BY-4.0,FALSE,
PMC11960311,TRUE,CC-BY-4.0,FALSE,
PMC11960348,TRUE,CC-BY-4.0,FALSE,
PMC11960358,TRUE,CC-BY-4.0,TRUE,CONSORT
PMC11960371,TRUE,CC-BY-4.0,FALSE,
PMC11960377,TRUE,CC-BY-4.0,FALSE,
PMC11960392,TRUE,CC-BY-4.0,FALSE,
PMC11960397,TRUE,CC-BY-4.0,FALSE,
PMC11960816,TRUE,CC-BY-4.0,FALSE,
PMC11961222,TRUE,CC-BY-4.0,FALSE,
PMC11961449,TRUE,CC-BY-NC-ND-4.0,FALSE,
PMC11961451,TRUE,CC-BY-NC-ND-4.0,FALSE,
PMC11962182,TRUE,CC-BY-NC-ND-4.0,FALSE,
PMC11966127,TRUE,CC-BY-NC-ND-4.0,FALSE,
PMC11966207,TRUE,CC-BY-NC-ND-4.0,FALSE,
PMC11967109,TRUE,CC-BY-NC-4.0,FALSE,
PMC11967510,TRUE,CC-BY-NC-4.0,FALSE,
PMC11967537,TRUE,CC-BY-NC-4.0,FALSE,
PMC11967542,TRUE,CC-BY-NC-4.0,FALSE,
PMC11967552,TRUE,CC-BY-NC-4.0,FALSE,
PMC11967958,TRUE,CC-BY-NC-ND-4.0,FALSE,
PMC11968130,TRUE,CC-BY-NC-ND-4.0,FALSE,
PMC11968453,TRUE,CC-BY-4.0,FALSE,
PMC11969227,TRUE,CC-BY-NC-ND-4.0,FALSE,
PMC11969229,TRUE,CC-BY-NC-ND-4.0,FALSE,
PMC11969362,TRUE,CC-BY-NC-ND-4.0,FALSE,
PMC11969682,TRUE,CC-BY-4.0,FALSE,
PMC11969862,TRUE,CC-BY-NC-4.0,FALSE,
PMC11970726,TRUE,CC-BY-NC-ND-4.0,FALSE,
PMC11970933,TRUE,CC-BY-NC-ND-4.0,FALSE,
PMC11973664,TRUE,CC-BY-NC-ND-4.0,FALSE,
PMC11974630,TRUE,CC-BY-NC-ND-4.0,FALSE,
PMC11975680,TRUE,CC-BY-NC-ND-4.0,FALSE,
PMC11975686,TRUE,CC-BY-NC-ND-4.0,FALSE,
PMC11975691,TRUE,CC-BY-NC-ND-4.0,FALSE,
PMC11975693,TRUE,CC-BY-4.0,FALSE,
PMC11975703,TRUE,CC-BY-NC-ND-4.0,TRUE,CONSORT
PMC11975715,TRUE,CC-BY-NC-ND-4.0,FALSE,
PMC11975736,TRUE,CC-BY-NC-ND-4.0,FALSE,
PMC11975737,TRUE,CC-BY-NC-ND-4.0,FALSE,
PMC11975748,TRUE,CC-BY-NC-ND-4.0,FALSE,
PMC11976328,TRUE,CC-BY-4.0,FALSE,
PMC11977521,TRUE,CC-BY-NC-ND-4.0,FALSE,
PMC11977597,TRUE,CC-BY-NC-ND-4.0,FALSE,
PMC11977808,TRUE,CC-BY-4.0,FALSE,
PMC11977835,TRUE,CC-BY-4.0,FALSE,
PMC11978228,TRUE,CC-BY-NC-ND-4.0,FALSE,
PMC11980726,TRUE,CC-BY-NC-SA-4.0,FALSE,
PMC11980727,TRUE,CC-BY-NC-SA-4.0,FALSE,
PMC11997494,TRUE,CC-BY-4.0,FALSE,
PMC11999323,TRUE,CC-BY-4.0,FALSE,
PMC12000262,TRUE,CC-BY-4.0,FALSE,
PMC12005430,TRUE,CC-BY-NC-4.0,FALSE,
PMC12005438,TRUE,CC-BY-4.0,FALSE,
PMC12007512,TRUE,CC-BY-4.0,TRUE,PRISMA
PMC12007518,TRUE,CC-BY-4.0,FALSE,
PMC12007536,TRUE,CC-BY-4.0,FALSE,
PMC12007538,TRUE,CC-BY-4.0,TRUE,ARRIVE
PMC12007540,TRUE,CC-BY-4.0,FALSE,
PMC12010907,TRUE,CC-BY-NC-ND-4.0,FALSE,
PMC12013856,TRUE,CC-BY-NC-ND-4.0,FALSE,
PMC12016699,TRUE,CC-BY-4.0,FALSE,
PMC12016701,TRUE,CC-BY-4.0,FALSE,
PMC12016806,TRUE,CC-BY-4.0,FALSE,
PMC12016835,TRUE,CC-BY-4.0,FALSE,
PMC12016840,TRUE,CC-BY-4.0,FALSE,
PMC12016877,TRUE,CC-BY-4.0,FALSE,
PMC12016879,TRUE,CC-BY-4.0,FALSE,
PMC12016915,TRUE,CC-BY-4.0,FALSE,
PMC12016957,TRUE,CC-BY-4.0,FALSE,
PMC12017016,TRUE,CC-BY-4.0,FALSE,
PMC12017027,TRUE,CC-BY-4.0,FALSE,
PMC12017036,TRUE,CC-BY-4.0,FALSE,
PMC12017062,TRUE,CC-BY-4.0,FALSE,
PMC12017086,TRUE,CC-BY-4.0,FALSE,
PMC12017108,TRUE,CC-BY-4.0,FALSE,
PMC12017137,TRUE,CC-BY-4.0,TRUE,PRISMA
PMC12017139,TRUE,CC-BY-4.0,FALSE,
PMC12017147,TRUE,CC-BY-4.0,FALSE,
PMC12017173,TRUE,CC-BY-4.0,FALSE,
PMC12017174,TRUE,CC-BY-4.0,FALSE,
PMC12017199,TRUE,CC-BY-4.0,FALSE,
PMC12017207,TRUE,CC-BY-4.0,FALSE,
PMC12017210,TRUE,CC-BY-4.0,FALSE,
PMC12017213,TRUE,CC-BY-4.0,FALSE,
PMC12017226,TRUE,CC-BY-4.0,FALSE,
PMC12021522,TRUE,CC-BY-NC-4.0,FALSE,
PMC12022372,TRUE,CC-BY-4.0,FALSE,
PMC12033753,TRUE,CC-BY-4.0,FALSE,
PMC12035092,TRUE,CC-BY-NC-4.0,FALSE,
PMC12035274,TRUE,CC-BY-NC-4.0,TRUE,STROCSS
PMC12038110,TRUE,CC-BY-NC-4.0,FALSE,
PMC12038123,TRUE,CC-BY-4.0,FALSE,
PMC12038137,TRUE,CC-BY-NC-4.0,FALSE,
PMC12039543,TRUE,CC-BY-4.0,FALSE,
PMC12039549,TRUE,CC-BY-4.0,FALSE,
PMC12039580,TRUE,CC-BY-4.0,FALSE,
PMC12039611,TRUE,CC-BY-4.0,FALSE,
PMC12039727,TRUE,CC-BY-4.0,FALSE,
PMC12039739,TRUE,CC-BY-4.0,FALSE,
PMC12039743,TRUE,CC-BY-4.0,FALSE,
PMC12039747,TRUE,CC-BY-4.0,FALSE,
PMC12039749,TRUE,CC-BY-4.0,FALSE,
PMC12041412,TRUE,CC-BY-NC-4.0,FALSE,
PMC12042779,TRUE,CC-BY-NC-ND-4.0,FALSE,
PMC12043786,TRUE,CC-BY-4.0,FALSE,
PMC12044217,TRUE,CC-BY-4.0,TRUE,PRISMA
PMC12044218,TRUE,CC-BY-4.0,FALSE,
PMC12045479,TRUE,CC-BY-NC-ND-4.0,FALSE,
PMC12053891,TRUE,CC-BY-4.0,FALSE,
PMC12054449,TRUE,CC-BY-NC-ND-4.0,FALSE,
PMC12062613,TRUE,CC-BY-NC-4.0,FALSE,
PMC12062620,TRUE,CC-BY-4.0,FALSE,
PMC12063937,TRUE,CC-BY-NC-SA-4.0,FALSE,
PMC12064855,TRUE,CC-BY-4.0,FALSE,
PMC12066326,TRUE,CC-BY-NC-ND-4.0,FALSE,
PMC12066838,TRUE,CC-BY-NC-4.0,FALSE,
PMC12066840,TRUE,CC-BY-NC-4.0,TRUE,ARRIVE
PMC12068903,TRUE,CC-BY-4.0,FALSE,
PMC12069503,TRUE,CC-BY-4.0,FALSE,
PMC12075881,TRUE,CC-BY-4.0,FALSE,
PMC12077556,TRUE,CC-BY-NC-ND-4.0,FALSE,
PMC12078089,TRUE,CC-BY-NC-ND-4.0,FALSE,
PMC12078109,TRUE,CC-BY-NC-ND-4.0,FALSE,
PMC12078111,TRUE,CC-BY-NC-ND-4.0,FALSE,
PMC12080600,TRUE,CC-BY-4.0,FALSE,
PMC12080605,TRUE,CC-BY-4.0,FALSE,
PMC12080669,TRUE,CC-BY-4.0,FALSE,
PMC12082135,TRUE,CC-BY-NC-ND-4.0,FALSE,
PMC12082139,TRUE,CC-BY-NC-ND-4.0,FALSE,
PMC12082144,TRUE,CC-BY-NC-ND-4.0,FALSE,
PMC12082158,TRUE,CC-BY-NC-ND-4.0,FALSE,
PMC12087331,TRUE,CC-BY-NC-SA-4.0,FALSE,
PMC12089671,TRUE,CC-BY-4.0,FALSE,
PMC12092034,TRUE,CC-BY-4.0,FALSE,
PMC12093542,TRUE,CC-BY-NC-4.0,FALSE,
PMC12093544,TRUE,CC-BY-NC-4.0,FALSE,
PMC12093545,TRUE,CC-BY-NC-4.0,FALSE,
PMC12093570,TRUE,CC-BY-NC-4.0,FALSE,
PMC12093571,TRUE,CC-BY-NC-4.0,FALSE,
PMC12093576,TRUE,CC-BY-NC-4.0,FALSE,
PMC12093635,TRUE,CC-BY-NC-4.0,FALSE,
PMC12094008,TRUE,CC-BY-NC-4.0,FALSE,
PMC12094335,TRUE,CC-BY-NC-ND-4.0,FALSE,
PMC12094355,TRUE,CC-BY-NC-ND-4.0,FALSE,
PMC12095883,TRUE,CC-BY-4.0,TRUE,PRISMA
PMC12096397,TRUE,CC-BY-NC-ND-4.0,FALSE,
PMC12096402,TRUE,CC-BY-NC-ND-4.0,FALSE,
PMC12096404,TRUE,CC-BY-NC-ND-4.0,FALSE,
PMC12097317,TRUE,CC-BY-NC-ND-4.0,FALSE,
PMC12097349,TRUE,CC-BY-NC-ND-4.0,FALSE,
PMC12097376,TRUE,CC-BY-NC-ND-4.0,FALSE,
PMC12097378,TRUE,CC-BY-NC-ND-4.0,FALSE,
PMC12097405,TRUE,CC-BY-NC-ND-4.0,FALSE,
PMC12097408,TRUE,CC-BY-NC-ND-4.0,FALSE,
PMC12101483,TRUE,CC-BY-NC-ND-4.0,FALSE,
PMC12105909,TRUE,CC-BY-4.0,FALSE,
PMC12110471,TRUE,CC-BY-NC-ND-4.0,FALSE,
PMC12110512,TRUE,CC-BY-NC-ND-4.0,FALSE,
PMC12110516,TRUE,CC-BY-NC-ND-4.0,FALSE,
PMC12110521,TRUE,CC-BY-NC-ND-4.0,FALSE,
PMC12118188,TRUE,CC-BY-4.0,FALSE,
PMC12118197,TRUE,CC-BY-4.0,FALSE,
PMC12118207,TRUE,CC-BY-4.0,FALSE,
PMC12118249,TRUE,CC-BY-4.0,FALSE,
PMC12118273,TRUE,CC-BY-4.0,FALSE,
PMC12118286,TRUE,CC-BY-4.0,FALSE,
PMC12118742,TRUE,CC-BY-4.0,FALSE,
PMC12120952,TRUE,CC-BY-NC-SA-4.0,FALSE,
PMC12120968,TRUE,CC-BY-NC-ND-4.0,FALSE,
PMC12128795,TRUE,CC-BY-NC-ND-4.0,FALSE,
PMC12130595,TRUE,CC-BY-NC-4.0,FALSE,
PMC12136242,TRUE,CC-BY-4.0,TRUE,CONSORT
PMC12136254,TRUE,CC-BY-NC-ND-4.0,FALSE,
PMC12136256,TRUE,CC-BY-NC-ND-4.0,FALSE,
PMC12136269,TRUE,CC-BY-4.0,FALSE,
PMC12136278,TRUE,CC-BY-4.0,FALSE,
PMC12142729,TRUE,CC-BY-4.0,FALSE,
PMC12145465,TRUE,CC-BY-NC-4.0,FALSE,
PMC12145482,TRUE,CC-BY-NC-4.0,TRUE,COREQ
PMC12149457,TRUE,CC-BY-4.0,FALSE,
PMC12162091,TRUE,CC-BY-4.0,FALSE,
PMC12166864,TRUE,CC-BY-NC-ND-4.0,FALSE,
PMC12166908,TRUE,CC-BY-NC-ND-4.0,FALSE,
PMC12166915,TRUE,CC-BY-NC-ND-4.0,FALSE,
PMC12166925,TRUE,CC-BY-NC-ND-4.0,FALSE,
PMC12167863,TRUE,CC-BY-NC-ND-4.0,FALSE,
PMC12167867,TRUE,CC-BY-NC-ND-4.0,FALSE,
PMC12167871,TRUE,CC-BY-NC-ND-4.0,FALSE,
PMC12167874,TRUE,CC-BY-NC-ND-4.0,FALSE,
PMC12168382,TRUE,CC-BY-4.0,FALSE,
PMC12169366,TRUE,CC-BY-NC-ND-4.0,FALSE,
PMC12169373,TRUE,CC-BY-NC-ND-4.0,FALSE,
PMC12172925,TRUE,CC-BY-4.0,FALSE,
PMC12172929,TRUE,CC-BY-NC-ND-4.0,FALSE,
PMC12174615,TRUE,CC-BY-4.0,FALSE,
PMC12175673,TRUE,CC-BY-NC-ND-4.0,FALSE,
PMC12175679,TRUE,CC-BY-NC-4.0,FALSE,
PMC12175680,TRUE,CC-BY-4.0,FALSE,
PMC12175685,TRUE,CC-BY-4.0,FALSE,
PMC12175692,TRUE,CC-BY-NC-4.0,FALSE,
PMC12175696,TRUE,CC-BY-4.0,FALSE,
PMC12178343,TRUE,CC-BY-4.0,FALSE,
PMC12178385,TRUE,CC-BY-4.0,FALSE,
PMC12179486,TRUE,CC-BY-NC-4.0,FALSE,
PMC12185045,TRUE,CC-BY-NC-ND-4.0,FALSE,
PMC12186117,TRUE,CC-BY-NC-4.0,FALSE,
PMC12186723,TRUE,CC-BY-NC-ND-4.0,FALSE,
PMC12189403,TRUE,CC-BY-NC-4.0,FALSE,
PMC12200818,TRUE,CC-BY-NC-SA-4.0,FALSE,
PMC12200819,TRUE,CC-BY-NC-SA-4.0,FALSE,
PMC12204667,TRUE,CC-BY-NC-SA-4.0,FALSE,
PMC12206245,TRUE,CC-BY-NC-4.0,FALSE,
PMC12208417,TRUE,CC-BY-4.0,FALSE,
PMC12208741,TRUE,CC-BY-4.0,FALSE,
PMC12208886,TRUE,CC-BY-NC-4.0,FALSE,
PMC12208889,TRUE,CC-BY-NC-4.0,FALSE,
PMC12208891,TRUE,CC-BY-NC-4.0,FALSE,
PMC12208909,TRUE,CC-BY-4.0,FALSE,
PMC12212656,TRUE,CC-BY-NC-ND-4.0,FALSE,
PMC12212714,TRUE,CC-BY-NC-ND-4.0,FALSE,
PMC12212717,TRUE,CC-BY-NC-ND-4.0,TRUE,STROBE
PMC12212723,TRUE,CC-BY-NC-ND-4.0,FALSE,
PMC12212727,TRUE,CC-BY-NC-ND-4.0,FALSE,
PMC12212729,TRUE,CC-BY-4.0,FALSE,
PMC12219993,TRUE,CC-BY-4.0,FALSE,
PMC12225233,TRUE,CC-BY-4.0,FALSE,
PMC12225244,TRUE,CC-BY-4.0,FALSE,
PMC12225308,TRUE,CC-BY-4.0,FALSE,
PMC12225334,TRUE,CC-BY-4.0,FALSE,
PMC12225346,TRUE,CC-BY-4.0,FALSE,
PMC12225353,TRUE,CC-BY-4.0,FALSE,
PMC12225366,TRUE,CC-BY-4.0,FALSE,
PMC12225394,TRUE,CC-BY-4.0,FALSE,
PMC12225406,TRUE,CC-BY-4.0,FALSE,
PMC12225407,TRUE,CC-BY-4.0,FALSE,
PMC12225421,TRUE,CC-BY-4.0,FALSE,
PMC12225422,TRUE,CC-BY-4.0,FALSE,
PMC12225450,TRUE,CC-BY-4.0,FALSE,
PMC12225480,TRUE,CC-BY-4.0,FALSE,
PMC12225491,TRUE,CC-BY-4.0,FALSE,
PMC12230229,TRUE,CC-BY-NC-ND-4.0,FALSE,
PMC12233327,TRUE,CC-BY-NC-ND-4.0,FALSE,
PMC12236405,TRUE,CC-BY-NC-SA-4.0,FALSE,
PMC12237104,TRUE,CC-BY-NC-ND-4.0,FALSE,
PMC12239761,TRUE,CC-BY-NC-ND-4.0,FALSE,
PMC12240563,TRUE,CC-BY-NC-4.0,FALSE,
PMC12241685,TRUE,CC-BY-NC-4.0,FALSE,
PMC12241686,TRUE,CC-BY-4.0,FALSE,
PMC12241687,TRUE,CC-BY-4.0,FALSE,
PMC12244036,TRUE,CC-BY-NC-ND-4.0,FALSE,
PMC12244105,TRUE,CC-BY-4.0,FALSE,
PMC12244121,TRUE,CC-BY-NC-ND-4.0,TRUE,PRISMA
PMC12244124,TRUE,CC-BY-4.0,FALSE,
PMC12254745,TRUE,CC-BY-NC-ND-4.0,FALSE,
PMC12258651,TRUE,CC-BY-4.0,FALSE,
PMC12267900,TRUE,CC-BY-NC-4.0,FALSE,
PMC12269557,TRUE,CC-BY-NC-ND-4.0,FALSE,
PMC12270003,TRUE,CC-BY-4.0,FALSE,
PMC12271631,TRUE,CC-BY-NC-4.0,FALSE,
PMC12272024,TRUE,CC-BY-4.0,FALSE,
PMC12275707,TRUE,CC-BY-NC-ND-4.0,FALSE,
PMC12276424,TRUE,CC-BY-NC-4.0,FALSE,
PMC12280252,TRUE,CC-BY-4.0,FALSE,
PMC12281398,TRUE,CC-BY-4.0,FALSE,
PMC12283817,TRUE,CC-BY-4.0,FALSE,
PMC12285289,TRUE,CC-BY-NC-4.0,FALSE,
PMC12285334,TRUE,CC-BY-NC-4.0,FALSE,
PMC12285347,TRUE,CC-BY-NC-4.0,FALSE,
PMC12285354,TRUE,CC-BY-NC-4.0,FALSE,
PMC12285366,TRUE,CC-BY-NC-4.0,FALSE,
PMC12285368,TRUE,CC-BY-NC-4.0,FALSE,
PMC12285371,TRUE,CC-BY-NC-4.0,FALSE,
PMC12285407,TRUE,CC-BY-NC-4.0,FALSE,
PMC12285445,TRUE,CC-BY-NC-4.0,FALSE,
PMC12285453,TRUE,CC-BY-NC-4.0,FALSE,
PMC12285496,TRUE,CC-BY-NC-4.0,FALSE,
PMC12287882,TRUE,CC-BY-NC-ND-4.0,FALSE,
PMC12289710,TRUE,CC-BY-4.0,FALSE,
PMC12289719,TRUE,CC-BY-4.0,FALSE,
PMC12289757,TRUE,CC-BY-4.0,FALSE,
PMC12290910,TRUE,CC-BY-NC-ND-4.0,FALSE,
PMC12301999,TRUE,CC-BY-4.0,FALSE,
PMC12305535,TRUE,CC-BY-NC-SA-4.0,FALSE,
PMC12305556,TRUE,CC-BY-NC-SA-4.0,FALSE,
PMC12305792,TRUE,CC-BY-NC-SA-4.0,FALSE,
PMC12306571,TRUE,CC-BY-4.0,FALSE,
PMC12308837,TRUE,CC-BY-4.0,FALSE,
PMC12310202,TRUE,CC-BY-NC-SA-4.0,FALSE,
PMC12310219,TRUE,CC-BY-NC-SA-4.0,FALSE,
PMC12310229,TRUE,CC-BY-NC-SA-4.0,FALSE,
PMC12320950,TRUE,CC-BY-4.0,FALSE,
PMC12321482,TRUE,CC-BY-NC-ND-4.0,FALSE,
PMC12322978,TRUE,CC-BY-4.0,FALSE,
PMC12327235,TRUE,CC-BY-4.0,FALSE,
PMC12327239,TRUE,CC-BY-4.0,FALSE,
PMC12327267,TRUE,CC-BY-4.0,TRUE,PRISMA
PMC12327272,TRUE,CC-BY-4.0,FALSE,
PMC12327281,TRUE,CC-BY-4.0,FALSE,
PMC12327288,TRUE,CC-BY-4.0,FALSE,
PMC12327309,TRUE,CC-BY-4.0,FALSE,
PMC12327322,TRUE,CC-BY-4.0,FALSE,
PMC12327338,TRUE,CC-BY-4.0,FALSE,
PMC12331382,TRUE,CC-BY-NC-ND-4.0,FALSE,
PMC12337586,TRUE,CC-BY-4.0,FALSE,
PMC12337613,TRUE,CC-BY-4.0,FALSE,
PMC12337821,TRUE,CC-BY-4.0,FALSE,
PMC12341960,TRUE,CC-BY-4.0,FALSE,
PMC12342030,TRUE,CC-BY-4.0,FALSE,
PMC12342034,TRUE,CC-BY-4.0,FALSE,
PMC12342037,TRUE,CC-BY-4.0,FALSE,
PMC12343703,TRUE,CC-BY-4.0,FALSE,
PMC12352165,TRUE,CC-BY-NC-4.0,FALSE,
PMC12362234,TRUE,CC-BY-NC-ND-4.0,FALSE,
PMC12363330,TRUE,CC-BY-4.0,FALSE,
PMC12366525,TRUE,CC-BY-4.0,FALSE,
PMC12372698,TRUE,CC-BY-4.0,FALSE,
PMC12372706,TRUE,CC-BY-4.0,FALSE,
PMC12372743,TRUE,CC-BY-4.0,FALSE,
PMC12375219,TRUE,CC-BY-NC-ND-4.0,FALSE,
PMC12376283,TRUE,CC-BY-4.0,FALSE,
PMC12376298,TRUE,CC-BY-4.0,FALSE,
PMC12376846,TRUE,CC-BY-NC-ND-4.0,FALSE,
PMC12377064,TRUE,CC-BY-4.0,FALSE,
PMC12377331,TRUE,CC-BY-NC-ND-4.0,FALSE,
PMC12382234,TRUE,CC-BY-NC-ND-4.0,FALSE,
PMC12382261,TRUE,CC-BY-NC-ND-4.0,FALSE,
PMC12384231,TRUE,CC-BY-NC-4.0,FALSE,
PMC12384295,TRUE,CC-BY-NC-4.0,TRUE,CONSORT
PMC12384347,TRUE,CC-BY-NC-4.0,FALSE,
PMC12384418,TRUE,CC-BY-NC-4.0,FALSE,
PMC12396006,TRUE,CC-BY-NC-ND-4.0,FALSE,
PMC12396146,TRUE,CC-BY-4.0,FALSE,
PMC12406505,TRUE,CC-BY-NC-ND-4.0,FALSE,
PMC12406581,TRUE,CC-BY-NC-ND-4.0,FALSE,
PMC12406585,TRUE,CC-BY-NC-ND-4.0,FALSE,
PMC12406610,TRUE,CC-BY-NC-ND-4.0,FALSE,
PMC12409261,TRUE,CC-BY-4.0,FALSE,
PMC12422799,TRUE,CC-BY-NC-ND-4.0,FALSE,
PMC12433521,TRUE,CC-BY-NC-4.0,FALSE,
PMC12435318,TRUE,CC-BY-4.0,FALSE,
PMC12442984,TRUE,CC-BY-4.0,FALSE,
PMC12442988,TRUE,CC-BY-NC-4.0,TRUE,PRISMA
PMC12443020,TRUE,CC-BY-4.0,FALSE,
PMC12443088,TRUE,CC-BY-4.0,FALSE,
PMC12443126,TRUE,CC-BY-4.0,FALSE,
PMC12443881,TRUE,CC-BY-4.0,FALSE,
PMC12444026,TRUE,CC-BY-4.0,TRUE,COREQ
PMC12447786,TRUE,CC-BY-NC-ND-4.0,FALSE,
PMC12457728,TRUE,CC-BY-4.0,FALSE,
PMC12462777,TRUE,CC-BY-4.0,FALSE,
PMC12462851,TRUE,CC-BY-4.0,FALSE,
PMC12478431,TRUE,CC0-1.0,FALSE,
PMC12478646,TRUE,CC-BY-NC-4.0,FALSE,
PMC12478675,TRUE,CC-BY-NC-4.0,FALSE,
PMC12478689,TRUE,CC-BY-NC-4.0,FALSE,
PMC12478713,TRUE,CC-BY-NC-4.0,FALSE,
PMC12478719,TRUE,CC-BY-NC-4.0,FALSE,
PMC12478737,TRUE,CC-BY-NC-4.0,FALSE,
PMC12478750,TRUE,CC-BY-NC-4.0,FALSE,
PMC12478764,TRUE,CC-BY-NC-4.0,FALSE,
PMC12478768,TRUE,CC-BY-NC-4.0,FALSE,
PMC12478777,TRUE,CC-BY-NC-4.0,FALSE,
PMC12478781,TRUE,CC-BY-NC-4.0,FALSE,
PMC12478800,TRUE,CC-BY-NC-4.0,FALSE,
PMC12478808,TRUE,CC-BY-NC-4.0,FALSE,
PMC12478821,TRUE,CC-BY-NC-4.0,FALSE,
PMC12478839,TRUE,CC-BY-NC-4.0,FALSE,
PMC12479700,TRUE,CC-BY-NC-4.0,FALSE,
PMC12479786,TRUE,CC-BY-NC-4.0,FALSE,
PMC12479842,TRUE,CC-BY-NC-4.0,FALSE,
PMC12479968,TRUE,CC-BY-NC-4.0,FALSE,
PMC12479991,TRUE,CC-BY-NC-4.0,FALSE,
PMC12479994,TRUE,CC-BY-NC-4.0,FALSE,
PMC12480004,TRUE,CC-BY-NC-4.0,FALSE,
PMC12480043,TRUE,CC-BY-NC-4.0,FALSE,
PMC12480106,TRUE,CC-BY-NC-4.0,FALSE,
PMC12480116,TRUE,CC-BY-NC-4.0,FALSE,
PMC12480245,TRUE,CC-BY-NC-4.0,FALSE,
PMC12480254,TRUE,CC-BY-NC-4.0,FALSE,
PMC12480266,TRUE,CC-BY-NC-4.0,FALSE,
PMC12480351,TRUE,CC-BY-NC-4.0,FALSE,
PMC12480363,TRUE,CC-BY-NC-4.0,FALSE,
PMC12480366,TRUE,CC-BY-NC-4.0,FALSE,
PMC12480374,TRUE,CC-BY-NC-4.0,FALSE,
PMC12480382,TRUE,CC-BY-NC-4.0,FALSE,
PMC12480383,TRUE,CC-BY-NC-4.0,FALSE,
PMC12480386,TRUE,CC-BY-NC-4.0,FALSE,
PMC12480428,TRUE,CC-BY-NC-4.0,FALSE,
PMC12480430,TRUE,CC-BY-NC-4.0,FALSE,
PMC12480602,TRUE,CC-BY-4.0,FALSE,
PMC12486926,TRUE,CC-BY-NC-4.0,FALSE,
PMC12488031,TRUE,CC-BY-NC-4.0,FALSE,
PMC12488041,TRUE,CC-BY-4.0,FALSE,
PMC12489960,TRUE,CC-BY-4.0,FALSE,
PMC12490757,TRUE,CC-BY-NC-SA-4.0,FALSE,
PMC12499531,TRUE,CC-BY-NC-ND-4.0,FALSE,
PMC12500180,TRUE,CC-BY-NC-SA-4.0,FALSE,
PMC12500186,TRUE,CC-BY-NC-SA-4.0,FALSE,
PMC12512386,TRUE,CC-BY-4.0,FALSE,
PMC12512597,TRUE,CC-BY-4.0,TRUE,STROBE
PMC12527418,TRUE,CC-BY-4.0,TRUE,STROBE
PMC12539345,TRUE,CC-BY-4.0,FALSE,
PMC12539346,TRUE,CC-BY-4.0,FALSE,
PMC12539648,TRUE,CC-BY-4.0,FALSE,
PMC12543409,TRUE,CC-BY-4.0,TRUE,PRISMA
PMC12549007,TRUE,CC-BY-4.0,FALSE,
PMC12551626,TRUE,CC-BY-NC-4.0,FALSE,
PMC12551730,TRUE,CC-BY-NC-4.0,FALSE,
PMC12558049,TRUE,CC-BY-NC-ND-4.0,FALSE,
PMC12576618,TRUE,CC-BY-4.0,FALSE,
PMC12585133,TRUE,CC-BY-NC-SA-4.0,FALSE,
PMC12594500,TRUE,CC-BY-NC-SA-4.0,FALSE,
PMC12602892,TRUE,CC-BY-NC-4.0,FALSE,
PMC12614706,TRUE,CC-BY-NC-SA-4.0,FALSE,
PMC12614709,TRUE,CC-BY-NC-SA-4.0,FALSE,
PMC12614718,TRUE,CC-BY-NC-SA-4.0,FALSE,
PMC12614724,TRUE,CC-BY-NC-SA-4.0,FALSE,
PMC12638454,TRUE,CC-BY-NC-4.0,FALSE,
PMC12643068,TRUE,CC-BY-4.0,FALSE,
PMC12664500,TRUE,CC-BY-NC-ND-4.0,FALSE,
PMC12671326,TRUE,CC-BY-4.0,FALSE,
PMC12674312,TRUE,CC-BY-4.0,FALSE,
PMC12677801,TRUE,CC-BY-4.0,TRUE,PRISMA
PMC12678067,TRUE,CC-BY-4.0,FALSE,
PMC12680297,TRUE,CC-BY-NC-ND-4.0,FALSE,
PMC12698061,TRUE,CC-BY-4.0,FALSE,
PMC12703607,TRUE,CC-BY-NC-SA-4.0,FALSE,
PMC12703760,TRUE,CC-BY-NC-ND-4.0,FALSE,
PMC12703764,TRUE,CC-BY-NC-ND-4.0,FALSE,
PMC12709876,TRUE,CC-BY-NC-ND-4.0,FALSE,
PMC12709882,TRUE,CC-BY-NC-ND-4.0,FALSE,
PMC12709999,TRUE,CC-BY-NC-ND-4.0,FALSE,
PMC12710022,TRUE,CC-BY-NC-ND-4.0,TRUE,CONSORT
PMC12710727,TRUE,CC-BY-NC-ND-4.0,FALSE,
PMC12713896,TRUE,CC-BY-4.0,FALSE,
PMC12713897,TRUE,CC-BY-4.0,FALSE,
PMC12713925,TRUE,CC-BY-4.0,FALSE,
PMC12713967,TRUE,CC-BY-4.0,FALSE,
PMC12713995,TRUE,CC-BY-4.0,FALSE,
PMC12713999,TRUE,CC-BY-4.0,FALSE,
PMC12714765,TRUE,CC-BY-NC-ND-4.0,FALSE,
PMC12718793,TRUE,CC-BY-NC-ND-4.0,FALSE,
PMC12718798,TRUE,CC-BY-NC-ND-4.0,FALSE,
PMC12718803,TRUE,CC-BY-NC-ND-4.0,FALSE,
PMC12718851,TRUE,CC-BY-NC-ND-4.0,TRUE,PRISMA-DTA
PMC12718912,TRUE,CC-BY-NC-ND-4.0,FALSE,
PMC12718917,TRUE,CC-BY-NC-ND-4.0,TRUE,PRISMA-NMA
PMC12718929,TRUE,CC-BY-NC-ND-4.0,FALSE,
PMC12718960,TRUE,CC-BY-NC-ND-4.0,FALSE,
PMC12718974,TRUE,CC-BY-NC-ND-4.0,FALSE,
PMC12718993,TRUE,CC-BY-NC-ND-4.0,FALSE,
PMC12718996,TRUE,CC-BY-NC-ND-4.0,FALSE,
PMC12721608,TRUE,CC-BY-NC-ND-4.0,FALSE,
PMC12721613,TRUE,CC-BY-NC-ND-4.0,FALSE,
PMC12721666,TRUE,CC-BY-NC-ND-4.0,FALSE,
PMC12727033,TRUE,CC-BY-NC-ND-4.0,FALSE,
PMC12741449,TRUE,CC-BY-4.0,TRUE,ARRIVE
PMC12744632,TRUE,CC-BY-NC-ND-4.0,FALSE,
PMC12744668,TRUE,CC-BY-NC-ND-4.0,FALSE,
PMC12744676,TRUE,CC-BY-NC-ND-4.0,FALSE,
PMC12747455,TRUE,CC-BY-NC-ND-4.0,FALSE,
PMC12747738,TRUE,CC-BY-NC-ND-4.0,FALSE,
PMC12747765,TRUE,CC-BY-NC-ND-4.0,FALSE,
PMC12755236,TRUE,CC-BY-NC-ND-4.0,TRUE,PRISMA
PMC12755444,TRUE,CC-BY-NC-ND-4.0,FALSE,
PMC12755471,TRUE,CC-BY-NC-ND-4.0,FALSE,
PMC12755491,TRUE,CC-BY-NC-ND-4.0,FALSE,
PMC12755492,TRUE,CC-BY-NC-ND-4.0,FALSE,
PMC12755572,TRUE,CC-BY-NC-ND-4.0,FALSE,
PMC12755575,TRUE,CC-BY-NC-ND-4.0,FALSE,
PMC12755597,TRUE,CC-BY-NC-ND-4.0,FALSE,
PMC12755630,TRUE,CC-BY-NC-ND-4.0,FALSE,
PMC12755645,TRUE,CC-BY-NC-ND-4.0,FALSE,
PMC12755653,TRUE,CC-BY-NC-ND-4.0,FALSE,
PMC12755655,TRUE,CC-BY-NC-ND-4.0,FALSE,
PMC12755695,TRUE,CC-BY-NC-ND-4.0,FALSE,
PMC12755697,TRUE,CC-BY-NC-ND-4.0,FALSE,
PMC12755715,TRUE,CC-BY-NC-ND-4.0,FALSE,
PMC12767548,TRUE,CC-BY-ND-4.0,FALSE,
PMC12769922,TRUE,CC-BY-4.0,FALSE,
PMC12773031,TRUE,CC-BY-NC-4.0,FALSE,
PMC12773033,TRUE,CC-BY-NC-4.0,FALSE,
PMC12773034,TRUE,CC-BY-NC-4.0,FALSE,
PMC12773035,TRUE,CC-BY-NC-4.0,FALSE,
PMC12773041,TRUE,CC-BY-NC-4.0,FALSE,
PMC12773044,TRUE,CC-BY-NC-4.0,FALSE,
PMC12773077,TRUE,CC-BY-NC-4.0,FALSE,
PMC12773083,TRUE,CC-BY-NC-4.0,FALSE,
PMC12773090,TRUE,CC-BY-NC-4.0,FALSE,
PMC12773092,TRUE,CC-BY-NC-4.0,FALSE,
PMC12773105,TRUE,CC-BY-NC-4.0,FALSE,
PMC12773166,TRUE,CC-BY-NC-4.0,FALSE,
PMC12773226,TRUE,CC-BY-NC-4.0,FALSE,
PMC12773228,TRUE,CC-BY-NC-4.0,FALSE,
PMC12773238,TRUE,CC-BY-NC-4.0,FALSE,
PMC12773269,TRUE,CC-BY-NC-4.0,FALSE,
PMC12773293,TRUE,CC-BY-NC-4.0,FALSE,
PMC12773319,TRUE,CC-BY-NC-4.0,FALSE,
PMC12773348,TRUE,CC-BY-NC-4.0,FALSE,
PMC12773379,TRUE,CC-BY-NC-4.0,FALSE,
PMC12773394,TRUE,CC-BY-NC-4.0,FALSE,
PMC12773396,TRUE,CC-BY-NC-4.0,FALSE,
PMC12773406,TRUE,CC-BY-NC-4.0,FALSE,
PMC12773428,TRUE,CC-BY-NC-4.0,FALSE,
PMC12773431,TRUE,CC-BY-NC-4.0,FALSE,
PMC12773449,TRUE,CC-BY-NC-4.0,FALSE,
PMC12773471,TRUE,CC-BY-NC-4.0,FALSE,
PMC12773496,TRUE,CC-BY-NC-4.0,FALSE,
PMC12773502,TRUE,CC-BY-NC-4.0,FALSE,
PMC12773512,TRUE,CC-BY-NC-4.0,FALSE,
PMC12773538,TRUE,CC-BY-NC-4.0,FALSE,
PMC12773566,TRUE,CC-BY-NC-4.0,FALSE,
PMC12773575,TRUE,CC-BY-NC-4.0,FALSE,
PMC12773605,TRUE,CC-BY-NC-4.0,FALSE,
PMC12778603,TRUE,CC-BY-NC-ND-4.0,FALSE,
PMC12778637,TRUE,CC-BY-NC-4.0,FALSE,
PMC12778642,TRUE,CC-BY-NC-4.0,FALSE,
PMC12778646,TRUE,CC-BY-NC-4.0,FALSE,
PMC12778662,TRUE,CC-BY-NC-4.0,FALSE,
PMC12778664,TRUE,CC-BY-4.0,FALSE,
PMC12778670,TRUE,CC-BY-4.0,TRUE,STROBE
PMC12778672,TRUE,CC-BY-NC-ND-4.0,FALSE,
PMC12778687,TRUE,CC-BY-4.0,TRUE,STROBE
PMC12778696,TRUE,CC-BY-NC-ND-4.0,FALSE,
PMC12778698,TRUE,CC-BY-NC-4.0,FALSE,
PMC12778710,TRUE,CC-BY-NC-4.0,FALSE,
PMC12778712,TRUE,CC-BY-NC-4.0,FALSE,
PMC12778715,TRUE,CC-BY-NC-4.0,FALSE,
PMC12778716,TRUE,CC-BY-NC-4.0,FALSE,
PMC12778729,TRUE,CC-BY-NC-4.0,TRUE,STROBE
PMC12778730,TRUE,CC-BY-NC-4.0,FALSE,
PMC12778732,TRUE,CC-BY-NC-4.0,FALSE,
PMC12782782,TRUE,CC-BY-NC-4.0,FALSE,
PMC12782783,TRUE,CC-BY-NC-4.0,FALSE,
PMC12788788,TRUE,CC-BY-NC-4.0,FALSE,
PMC12788789,TRUE,CC-BY-NC-4.0,FALSE,
PMC12800755,TRUE,CC-BY-NC-ND-4.0,FALSE,
PMC12800762,TRUE,CC-BY-NC-ND-4.0,FALSE,
PMC12802714,TRUE,CC-BY-4.0,FALSE,
PMC12802716,TRUE,CC-BY-4.0,FALSE,
PMC12802751,TRUE,CC-BY-4.0,FALSE,
PMC12802784,TRUE,CC-BY-4.0,TRUE,PRISMA
PMC12806905,TRUE,CC-BY-4.0,FALSE,
PMC12807002,TRUE,CC-BY-4.0,FALSE,
PMC12825924,TRUE,CC-BY-4.0,FALSE,
PMC12825935,TRUE,CC-BY-4.0,FALSE,
PMC12825973,TRUE,CC-BY-4.0,FALSE,
PMC12834610,TRUE,CC-BY-4.0,FALSE,
PMC12836560,TRUE,CC-BY-4.0,FALSE,
PMC12836656,TRUE,CC-BY-NC-ND-4.0,FALSE,
PMC12836676,TRUE,CC-BY-NC-ND-4.0,FALSE,
PMC12836720,TRUE,CC-BY-NC-ND-4.0,FALSE,
PMC12848150,TRUE,CC-BY-NC-ND-4.0,FALSE,
PMC12848186,TRUE,CC-BY-4.0,FALSE,
PMC12850726,TRUE,CC-BY-4.0,FALSE,
PMC12850764,TRUE,CC-BY-NC-ND-4.0,FALSE,
PMC12850778,TRUE,CC-BY-NC-ND-4.0,FALSE,
PMC12850818,TRUE,CC-BY-4.0,FALSE,
PMC12850826,TRUE,CC-BY-NC-ND-4.0,FALSE,
PMC12850839,TRUE,CC-BY-NC-ND-4.0,FALSE,
PMC12850845,TRUE,CC-BY-NC-ND-4.0,FALSE,
PMC12850850,TRUE,CC-BY-NC-ND-4.0,FALSE,
PMC12850857,TRUE,CC-BY-NC-ND-4.0,FALSE,
PMC12850859,TRUE,CC-BY-4.0,FALSE,
PMC12850882,TRUE,CC-BY-NC-ND-4.0,FALSE,
PMC12850912,TRUE,CC-BY-NC-ND-4.0,FALSE,
PMC12850914,TRUE,CC-BY-4.0,FALSE,
PMC12851045,TRUE,CC-BY-NC-ND-4.0,FALSE,
PMC12851080,TRUE,CC-BY-NC-ND-4.0,FALSE,
PMC12851082,TRUE,CC-BY-NC-ND-4.0,FALSE,
PMC12851091,TRUE,CC-BY-4.0,FALSE,
PMC12851101,TRUE,CC-BY-4.0,FALSE,
PMC12851301,TRUE,CC-BY-NC-ND-4.0,TRUE,PRISMA
PMC12851383,TRUE,CC-BY-NC-ND-4.0,FALSE,
PMC12858578,TRUE,CC-BY-NC-4.0,FALSE,
PMC12864696,TRUE,CC-BY-4.0,FALSE,
PMC12869750,TRUE,CC-BY-4.0,FALSE,
PMC12869768,TRUE,CC-BY-NC-ND-4.0,FALSE,
PMC12876671,TRUE,CC-BY-NC-ND-4.0,FALSE,
PMC12876750,TRUE,CC-BY-NC-ND-4.0,FALSE,
PMC12877225,TRUE,CC-BY-NC-ND-4.0,FALSE,
PMC12877234,TRUE,CC-BY-NC-ND-4.0,TRUE,STROBE-MR
PMC12877607,TRUE,CC-BY-NC-ND-4.0,FALSE,
PMC12877663,TRUE,CC-BY-4.0,FALSE,
PMC12877664,TRUE,CC-BY-NC-ND-4.0,FALSE,
PMC12878579,TRUE,CC-BY-NC-ND-4.0,FALSE,
PMC12878596,TRUE,CC-BY-NC-ND-4.0,TRUE,PRISMA
PMC12880021,TRUE,CC-BY-NC-ND-4.0,FALSE,
PMC12880054,TRUE,CC-BY-NC-ND-4.0,FALSE,
PMC12880058,TRUE,CC-BY-4.0,FALSE,
PMC12880059,TRUE,CC-BY-NC-ND-4.0,FALSE,
PMC12880069,TRUE,CC-BY-NC-ND-4.0,FALSE,
PMC12880375,TRUE,CC-BY-NC-ND-4.0,FALSE,
PMC12880432,TRUE,CC-BY-NC-ND-4.0,FALSE,
PMC12880493,TRUE,CC-BY-NC-ND-4.0,FALSE,
PMC12880497,TRUE,CC-BY-NC-ND-4.0,FALSE,
PMC12904269,TRUE,CC-BY-4.0,FALSE,
PMC12904273,TRUE,CC-BY-4.0,FALSE,
PMC12908439,TRUE,CC-BY-4.0,FALSE,
PMC12910369,TRUE,CC-BY-4.0,FALSE,
PMC12929981,TRUE,CC-BY-4.0,FALSE,
PMC12929996,TRUE,CC-BY-NC-ND-4.0,FALSE,
PMC12929998,TRUE,CC-BY-NC-ND-4.0,TRUE,PRISMA
PMC12930051,TRUE,CC-BY-4.0,FALSE,
PMC12930790,TRUE,CC-BY-NC-ND-4.0,TRUE,STROBE
PMC12952332,TRUE,CC-BY-4.0,FALSE,
PMC12952339,TRUE,CC-BY-4.0,FALSE,
PMC12952385,TRUE,CC-BY-4.0,FALSE,
PMC12952386,TRUE,CC-BY-4.0,FALSE,
PMC12952391,TRUE,CC-BY-4.0,FALSE,
PMC12952436,TRUE,CC-BY-4.0,FALSE,
PMC12952457,TRUE,CC-BY-4.0,TRUE,PRISMA
PMC12952469,TRUE,CC-BY-4.0,FALSE,
PMC12952472,TRUE,CC-BY-4.0,FALSE,
PMC12956258,TRUE,CC-BY-NC-ND-4.0,FALSE,
PMC12959576,TRUE,CC-BY-NC-ND-4.0,FALSE,
PMC12961627,TRUE,CC-BY-NC-ND-4.0,FALSE,
PMC12977259,TRUE,CC-BY-4.0,FALSE,
PMC12980585,TRUE,CC-BY-NC-ND-4.0,FALSE,
PMC12980611,TRUE,CC-BY-NC-ND-4.0,FALSE,
PMC12980619,TRUE,CC-BY-4.0,FALSE,
PMC12993467,TRUE,CC-BY-4.0,FALSE,
PMC12993514,TRUE,CC-BY-4.0,FALSE,
PMC12993584,TRUE,CC-BY-4.0,FALSE,
PMC12993599,TRUE,CC-BY-4.0,FALSE,
PMC12993630,TRUE,CC-BY-4.0,FALSE,
PMC12993645,TRUE,CC-BY-4.0,FALSE,
PMC12993650,TRUE,CC-BY-4.0,FALSE,
PMC12999096,TRUE,CC-BY-NC-SA-4.0,FALSE,
PMC13002184,TRUE,CC-BY-NC-SA-4.0,FALSE,
PMC13002190,TRUE,CC-BY-NC-SA-4.0,FALSE,
PMC13002198,TRUE,CC-BY-NC-SA-4.0,FALSE,
PMC13002200,TRUE,CC-BY-NC-SA-4.0,FALSE,
PMC13002206,TRUE,CC-BY-NC-SA-4.0,FALSE,
PMC13007537,TRUE,CC-BY-4.0,FALSE,
PMC13008432,TRUE,CC-BY-NC-ND-4.0,FALSE,
PMC13011013,TRUE,CC-BY-4.0,FALSE,
PMC13011039,TRUE,CC-BY-4.0,FALSE,
PMC13011124,TRUE,CC-BY-4.0,FALSE,
PMC13012836,TRUE,CC-BY-NC-ND-4.0,FALSE,
PMC13019846,TRUE,CC-BY-NC-ND-4.0,FALSE,
PMC13020554,TRUE,CC-BY-NC-ND-4.0,FALSE,
PMC13020957,TRUE,CC-BY-NC-4.0,FALSE,
PMC13021067,TRUE,CC-BY-4.0,FALSE,
PMC13029433,TRUE,CC-BY-NC-4.0,FALSE,
PMC13029562,TRUE,CC-BY-NC-4.0,FALSE,
PMC13038127,TRUE,CC-BY-NC-4.0,FALSE,
PMC13052439,TRUE,CC-BY-NC-ND-4.0,FALSE,
PMC13076955,TRUE,CC-BY-4.0,FALSE,
PMC13082286,TRUE,CC-BY-4.0,FALSE,
PMC13082298,TRUE,CC-BY-4.0,FALSE,
PMC13083399,TRUE,CC-BY-NC-4.0,FALSE,
PMC13084982,TRUE,CC-BY-NC-4.0,FALSE,
PMC13086267,TRUE,CC-BY-NC-4.0,FALSE,
PMC13096620,TRUE,CC-BY-4.0,FALSE,
PMC13096623,TRUE,CC-BY-4.0,FALSE,
PMC13097105,TRUE,CC-BY-4.0,FALSE,
PMC13130307,TRUE,CC-BY-4.0,FALSE,
PMC13130328,TRUE,CC-BY-4.0,FALSE,
PMC13130376,TRUE,CC-BY-NC-ND-4.0,FALSE,
PMC13130382,TRUE,CC-BY-4.0,FALSE,
PMC13131244,TRUE,CC-BY-4.0,FALSE,
PMC13131287,TRUE,CC-BY-NC-4.0,FALSE,
PMC13132540,TRUE,CC-BY-NC-4.0,FALSE,
PMC13143308,TRUE,CC-BY-NC-SA-4.0,FALSE,
PMC13143323,TRUE,CC-BY-NC-SA-4.0,FALSE,
PMC13155476,TRUE,CC-BY-4.0,FALSE,
PMC13176916,TRUE,CC-BY-NC-ND-4.0,TRUE,PRISMA
PMC13193468,TRUE,CC-BY-NC-ND-4.0,FALSE,
PMC13193485,TRUE,CC-BY-NC-ND-4.0,FALSE,
PMC13221094,TRUE,CC-BY-NC-ND-4.0,FALSE,
PMC13229064,TRUE,CC-BY-NC-ND-4.0,FALSE,
PMC13229067,TRUE,CC-BY-NC-ND-4.0,FALSE,
PMC7617392,TRUE,CC-BY-4.0,FALSE,
PMC7617409,TRUE,CC-BY-4.0,FALSE,
PMC7617433,TRUE,CC-BY-4.0,FALSE,
PMC7617486,TRUE,CC-BY-4.0,FALSE,
PMC7617532,TRUE,CC-BY-4.0,FALSE,
PMC7617621,TRUE,CC-BY-4.0,FALSE,
PMC7617659,TRUE,CC-BY-4.0,FALSE,
PMC7617692,TRUE,CC-BY-4.0,FALSE,
PMC7617815,TRUE,CC-BY-4.0,FALSE,
PMC7617895,TRUE,CC-BY-4.0,FALSE,
PMC7618021,TRUE,CC-BY-4.0,TRUE,STROBE
PMC7618081,TRUE,CC-BY-4.0,FALSE,
PMC7618106,TRUE,CC-BY-4.0,FALSE,
PMC7618114,TRUE,CC-BY-4.0,FALSE,
PMC7618128,TRUE,CC-BY-4.0,FALSE,
PMC7618177,TRUE,CC-BY-4.0,FALSE,
PMC7618239,TRUE,CC-BY-4.0,FALSE,
PMC7618630,TRUE,CC-BY-4.0,FALSE,
PMC7618637,TRUE,CC-BY-4.0,FALSE,
PMC7618726,TRUE,CC-BY-4.0,FALSE,
PMC7618909,TRUE,CC-BY-4.0,FALSE,
PMC7619148,TRUE,CC-BY-4.0,FALSE,
PMC9989702,TRUE,CC-BY-4.0,FALSE,
